text,type,prob
"The PalmOne Treo 650 Smartphone with high-resolution screen, Bluetooth, swappable battery and extended multimedia capabilities was officially announced today.",Non-Generated,0.2071080891212626
"OVIE producers are often criticized for running at the sight of original ideas, preferring instead to milk plays, books, news events, toys and even video games for their screenplays.",Non-Generated,0.295006943581673
Second seed Mardy Fish brushed aside the challenge of qualifier Andres Pedroso with a 6-1 6-2 win in the International Tennis Championships.,Non-Generated,0.15865525393145707
" SEOUL (Reuters) - The determination of North Korea to  develop nuclear arms could harden after President Bush and his  rival, Senator John Kerry, clashed over how to proceed with  six-party talks on Pyongyang's ambitions, analysts said.",Non-Generated,0.6159587190495284
America Online Inc. said Thursday it had filed a federal lawsuit accusing numerous unnamed defendants of violating federal and state laws by sending bulk messages known as  quot;spim quot; to instant message accounts and Internet chat rooms.,Non-Generated,0.5636099381030442
"PALERMO, Nov 11 (SW) - After a 39-year wait for a Serie A Sicilian derby, the match between Palermo and Messina on Thursday managed only a 0-0 draw.",Non-Generated,0.7883301792087782
Australia  amp; New Zealand Banking Group said today it would transfer most of its London-based project finance business to Standard Chartered.,Non-Generated,0.6650923212002917
AFP - The second major airlift of Vietnamese Montagnards who fled to Cambodia's remote jungles after April anti-government protests will begin at the weekend.,Non-Generated,0.8320380934241322
"AP - A tiny unmanned NASA ""scramjet"" soared above the Pacific Ocean Tuesday at nearly 10 times the speed of sound, or almost 7,000 mph, in a successful demonstration of a radical new engine technology.",Non-Generated,0.9252293227076924
"Cherie Blair cast aside her treasured privacy this week, touring newspapers offices and television studios to promote The Goldfish Bowl, her new book, which focuses on Downing Street spouses.",Non-Generated,0.14442218317324246
NEW YORK (CBS.MW) -- First Albany lowered its stock price target for Intel (INTC) to \$24 from \$30 following the chip sector bellwether #39;s lowered third-quarter revenue and margin outlook.,Non-Generated,0.8861000030058854
"The Securities and Exchange Commission is looking at brokerage firms suspected of failing to get customers the best stock prices, people briefed on the inquiry said.",Non-Generated,0.4174136645926196
AP - Tracy McGrady needed only 35 seconds to turn a sure loss into an improbable win and a listless 20-point night into one of the league's most memorable clutch performances.,Non-Generated,0.23975006109347674
China has rebuffed suggestions by US Secretary of State Colin Powell that it consider accepting the Taiwanese President #39;s offer of talks to reduce cross-strait tension.,Non-Generated,0.2887343312136498
AP - Kansas City Chiefs star running back Priest Holmes will miss the rest of the season with a knee injury.,Non-Generated,0.23342713541136273
"A UN meeting has harpooned a Japanese bid to ease curbs on trade in whale products, but a defiant Tokyo accused the West of  quot;cultural imperialism quot; and vowed to press efforts to expand whaling.",Non-Generated,0.013428347753762199
" TOKYO (Reuters) - The Nikkei average was up 0.37 percent in  mid-morning trade on Thursday as a recovery in the dollar  helped auto makers among other exporters, but trade was slow as  investors waited for important Japanese economic data.",Non-Generated,0.5
China is stepping up its hard line against internet pornography by threatening life imprisonment for anyoner caught peddling porn.,Non-Generated,0.11262645318032655
"IN A baffling interpretation of the word deliberate, the FA decided yesterday that there was insufficient evidence to charge David Beckham over his premeditated yellow card against Wales.",Non-Generated,0.22484589898444546
"LOS ANGELES - Concentrations of one of the most dangerous air pollutants have declined in most of the country in the last five years, especially in Southern California and the Southeast, according to a report released by the US Environmental Protection ",Non-Generated,0.43794802896147045
"washingtonpost.com - In 1996, the Internet was a curiosity for most, the record labels were swollen with cash from CD sales, and R.E.M.'s ""New Adventures in Hi-Fi"" could only add to that hoard. Critics and fans drooled for the alt-rockers' follow-up to their last two hit albums, and the media counted down the days until the CD hit stores in September of that year.",Non-Generated,0.3331138227048094
"Attacks exploit IE flaw, and allow attacker to gain complete control of your PC.",Non-Generated,0.9583677416682248
" NEW YORK (Reuters) - Kmart Holding Corp. &lt;A HREF=""http://www.investor.reuters.com/FullQuote.aspx?ticker=KMRT.O target=/stocks/quickinfo/fullquote""&gt;KMRT.O&lt;/A&gt; on Monday  named a new president and chief executive in a move that could  signal the start of a campaign to revamp the discount  retailer's image.",Non-Generated,0.11033568095992341
"It may eat flies and stink to high heaven, but if this robot works, it will be an important step towards making robots fully autonomous.",Non-Generated,0.2658072884408061
BUCHAREST: Romanians voted for a new president on Sunday with fighting corruption and joining the EU the main themes in a run-off round pitting Prime Minister Adrian Nastase against Bucharest Mayor Traian Basescu.,Non-Generated,0.17726973988675065
"The national passenger rail service risks a ""major point of failure"" if infrastructure needs remain unaddressed, the U.S. Department of Transportation warned in a scathing report made public.",Non-Generated,0.8555778168267576
"Citigroup Inc., the world #39;s biggest bank, named Sallie Krawcheck chief financial officer and head of strategy, making her the highest-ranking woman on Wall Street and giving her responsibilities outside the brokerage industry.",Non-Generated,0.04672391107930716
Toyota confirmed Thursday that Jarno Trulli will drive for the Formula One team starting next season. The Italian signed a two-year contract two days ago and will partner German driver ,Non-Generated,0.30075406722029496
"It hasn't even been eight months since Sun Microsystems promoted Jonathan Schwartz to be Chief Executive Scott McNealy's right-hand man, but the two are already acting like an old couple. Missing Links",Non-Generated,0.12490872091797406
Huge cost overruns. Tunnel leaks. Multimillion-dollar lawsuits. Big trouble for the companies managing Boston's Big Dig? Not really.,Non-Generated,0.03593031911292579
"The leader of Italy's right-wing National Alliance, Gianfranco Fini, is appointed foreign minister.",Non-Generated,0.8271107069244199
"MCI Inc. #39;s (MCIP.O: Quote, Profile, Research) quarterly loss ballooned to \$3.4 billion as the No. 2 US long-distance company wrote down the value of its assets due to ",Non-Generated,0.03842162201682816
"A ""miracle baby"" was the victim of child traffickers motivated by financial greed, a judge rules.",Non-Generated,0.3085375387259869
" VANCOUVER, British Columbia (Sports Network) - The  Vancouver Canucks Wednesday announced the sale of 50 percent of  the team and its arena, General Motors Place.",Non-Generated,0.6424996726559553
The insurance company has agreed to pay about \$80 million to settle investigations into insurance sales that were used by companies to manipulate their earnings.,Non-Generated,0.8514267348257648
A supernova spotted by the Danish astronomer Tycho Brahe more than four centuries ago - which changed the course of human knowledge - has just yielded a further discovery: the companion star that triggered the great event.,Non-Generated,0.6890632878346294
"Quarterback Marques Hagans has impressed in wins over Temple, North Carolina and Akron, completing 43 of 59 passes for 568 yards, three touchdowns and one interception.",Non-Generated,0.863339160853851
The UN's Global Fund meets African leaders in Tanzania for talks on fighting the world's deadliest diseases.,Non-Generated,0.9016471987705266
"30-year fixed home loans remain appealing, but variable rates have been on the move up. By Sandra Block. If you #39;re hoping an adjustable-rate mortgage will help you afford your dream house, you may want to rethink those granite countertops.",Non-Generated,0.6135850036577762
" WASHINGTON (Reuters) - Fannie Mae used improper accounting  to manipulate its quarterly earnings reports, regulators said,  touching off the mortgage finance industry's second such  controversy in less than 18 months.",Non-Generated,0.36944134018176367
THE Black Watch today moved towards Baghdad in response to the US plea for help. The Ministry of Defence said today that soldiers from the Scottish regiment were leaving their base in the southern city of ,Non-Generated,0.11150873497330749
 SINGAPORE (Reuters) - Oil prices broke into record  territory above \$52 Thursday on heightened concerns that  supplies of heating fuels will prove inadequate during the  northern hemisphere winter.,Non-Generated,0.008175610787902942
"Barcelona has moved 12 points clear at the top of Spain #39;s Primera Liga thanks to a 2-1 win at Albacete. Andres Iniesta put Barca ahead after just two minutes, but when Mark Gonzalez made it 1-1 with 17 minutes ",Non-Generated,0.2895498709769594
"Intel has slashed prices across the board as it prepares to get behind new processor lines due this autumn. The Itanium server line has seen cuts of over 30 per cent, while prices for Intel #39;s fastest business ",Non-Generated,0.3759148170229246
"St. Expedite might not even be a true saint, but that doesn't stop programmers and job seekers from asking for his help. Michelle Delio reports from New Orleans.",Non-Generated,0.18458570816634579
"American Abigail Spears advanced to the quarterfinals of the Korea Open on Wednesday with a 6-3, 1-6, 6-3 win over second-seeded Shinobu Asagoe of Japan.",Non-Generated,0.018686494170325738
" JABALYA REFUGEE CAMP, Gaza Strip (Reuters) - Palestinians  sifted through the rubble of dozens of homes in a sprawling  refugee camp on Saturday after Israel ended its most powerful  assault in the Gaza Strip in four years of bloodshed.",Non-Generated,0.05804156686932752
" quot;The biggest danger to HP and IBM is a price war, quot; said John Enck of Gartner.  quot;Blades are still premium-priced products from IBM and HP.",Non-Generated,0.7475074624530771
"BOSTON - Citrix Systems is buying Net6, a privately-held maker of SSL (Secure Socket Layer) VPN (Virtual Private Network) technology, for \$50 million cash, Citrix said Tuesday.",Non-Generated,0.7417938658019808
AP - Caity Matter exploited Arizona's defense by hitting four 3-pointers and scored 20 points to lead No. 10 Ohio State to a 78-45 victory in the semifinals of the Women's NIT on Wednesday night.,Non-Generated,0.002213262928959916
"On the strength of Carlos Beltran and a tireless bullpen, the Astros came back from a three-run deficit on Sunday to defeat the Cardinals, 6-5.",Non-Generated,0.09682321563461033
AFP - South African skipper Graeme Smith said his team had to learn to be patient on slow pitches if they hoped to do well in an upcoming two-Test series against India.,Non-Generated,0.5
"Sysco Corp., the country #39;s largest food service distributor, Monday said profit for its latest quarter rose 8 percent, as it increased sales and trimmed expenses despite the hurricanes in the Southeast.",Non-Generated,0.800987640246531
"TUCSON -- Booker Stanley ran for a career-high 135 yards on 30 carries, including a 7-yard run for Wisconsin's only touchdown, and the 20th-ranked Badgers rallied for a stormy 9-7 victory over Arizona yesterday.",Non-Generated,0.330839957433
Four film studios are expected to release movies on the new HD format in the last quarter of 2005. TOKYO (Reuters) - Toshiba Corp.,Non-Generated,0.5
"Don't junk that GameCube: Metroid Prime 2 provides gorgeous atmosphere, a sweet score and fun gameplay to create a winner. By Chris Kohler.",Non-Generated,0.9860965524865014
"America #39;s central bank, the Federal Reserve, last night raised interest rates for the fourth time in six months and warned US consumers and businesses to expect further increases in the cost of borrowing over the coming months.",Non-Generated,0.6845229794079146
"A majority of Australians oppose the Iraq war, but they turned out to be more concerned about the economy.",Non-Generated,0.6914624612740131
The News sports editor. HOUSTON - The Houston Astros weren #39;t the only team in the Bayou City toasting a watershed achievement Sunday afternoon.,Non-Generated,0.5763051701566428
"FOXBOROUGH -- Tyrone Poole said he probably could count the number of plays he got in on with one hand, but after missing seven games because of knee surgery, the Patriots' starting cornerback was just pleased to get back on the field.",Non-Generated,0.8809075250039888
Stanley Leisure plc has announced a Stanley Casinos Limited plan to develop a casino complex on land adjacent to Leeds United #39;s Elland Road stadium.,Non-Generated,0.007888378194464038
"G. Michael Caggiano Jr. lies awake at night thinking about bank signs. He ponders them during breakfast, while brushing his teeth, and  quot;constantly quot; during the day, he says.",Non-Generated,0.3154770205920854
The corpses of 50 soldiers of Iraq #39;s new army have been discovered northeast of the capital Baghdad. Interim Iraqi interior ministry spokesman Adnan Abd al-Rahman said the troops were believed to have been ,Non-Generated,0.9918454140611225
"Just weeks before the historic second flight of SpaceShipOne -- a trip that won him the \$10 million X Prize -- Burt Rutan, the ship's designer and builder, sat down for a chat with Wired magazine. Here's what he said.",Non-Generated,0.9053722841539913
The San Francisco 49ers finally got off the schneid on Sunday with a thrilling 31-28 overtime win over the Arizona Cardinals at Monster Park.,Non-Generated,0.08075665923377107
Bill Ryan is spending the last days of the summer traveling across Canada and the United States to pitch big shareholders on the complicated plan to sell 51 percent of his Banknorth Group Inc. to Toronto-Dominion Bank .,Non-Generated,0.6271986055362693
"About 70,000 motorists signed up for FasTrak, the electronic toll collection system, since July 1, when tolls went up from \$2 to \$3.",Non-Generated,0.5712687790203794
At least nine people - seven of them children - have died in flooding in the capital of Panama. The authorities say at least 13 people are still missing after heavy rainfall caused rivers to break their banks.,Non-Generated,0.800987640246531
"NOVEMBER 12, 2004 (COMPUTERWORLD) - Microsoft Corp. yesterday said it is investigating claims that several new vulnerabilities have been found in Windows XP Service Pack 2 by security firm Finjan Software Inc.",Non-Generated,0.3154770205920854
Oil prices held firm on Friday after leaping almost \$2 a day earlier on news US crude stocks sank to a five-month low last week and distillate fuels barely grew ahead of winter.,Non-Generated,0.6939550599553717
Bank of America Corp. yesterday laid off hundreds of workers at Fleet bank branches across the Northeast as the North Carolina bank began to implement its brand of ...,Non-Generated,0.2742531177500736
"InfoWorld - Dell Computer re-energized its enterprise-class blade server strategy on Monday, rolling out a new architecture that supports as many as 10 servers in a seven-unit chassis that can fit into a standard-size rack.",Non-Generated,0.6763426078057398
The commander of the biggest US military hospital abroad said Tuesday that American troops body armor and speedy evacuations appear to be helping save lives in the ,Non-Generated,0.8896643190400766
A Danish group has caused controversy in Colombia by publicly donating money to the country #39;s largest Marxist guerrilla organization.,Non-Generated,0.05414682794950456
"Customers who use the dual-core processors that Intel and Advanced Micro Devices are expected to begin shipping next year will not need to buy extra licenses for Microsoft software, the software maker will announce next week.",Non-Generated,0.5
"Just what Alexander Downer was thinking when he declared on radio last Friday that  quot;they could fire a missile from North Korea to Sydney quot; is unclear. The provocative remark, just days before his arrival yesterday on his second visit to the North Korean ...",Non-Generated,0.5579860156596589
"Keith Miller, arguably Australia's greatest  all-rounder in Test cricket, has died in Melbourne aged 84.",Non-Generated,0.11262645318032655
"UN Security Council members have arrived in Nairobi for a two-day meeting devoted to the conflicts engulfing Sudan, including the western Darfur region.",Non-Generated,0.6525566988137633
The Football Association of Wales have given national boss Mark Hughes permission to speak to Blackburn over their vacant managerial post.,Non-Generated,0.11262645318032655
The new IBM Power5 eServer i5 550 also features higher performance and new virtualization capabilities that allow it to run multiple operating systems at once on separate partitions.,Non-Generated,0.6472715069443633
Experts have trained unwanted dogs into supersniffers that can detect drugs or bombs. Now they're focusing on a new threat #151;prostate cancer.,Non-Generated,0.28185143082538655
"LANDSTUHL, Germany - Four US servicemen wounded last week in the Iraqi city of Fallujah on Monday described intense fighting with a skilled enemy, adept at markmanship and rigging booby traps.",Non-Generated,0.36944134018176367
A sharp drop in initial unemployment claims and bullish forecasts from Nokia and Texas Instruments sent stocks higher in early trading Thursday.,Non-Generated,0.07864960352514251
The biggest-ever takeover battle in Japan got even bigger today as Sumitomo Mitsui sought to disrupt a rival's expansion plans with a \$29 billion hostile bid for UFJ.,Non-Generated,0.008175610787902942
HEE-Won Han sank a five-foot birdie putt at the first playoff hole to beat Lorie Kane and claim the LPGA Safeway Classic crown won by Annika Sorenstam for the past two years.,Non-Generated,0.3815123002764975
" LONDON (Reuters) - European stock markets rose and absorbed  three separate share placings on Wednesday, boosted by Wall  Street's strong finish while oil prices held close to \$50 a  barrel ahead of U.S. oil inventory data.",Non-Generated,0.27767315833571105
"In Pedro Martinez stats, news #39; first start since conceding to the New York Yankees stats, schedule by declaring that the Red Sox stats, schedule #39; rivals were his daddy, #39; #39; the Tampa ",Non-Generated,0.04672391107930716
"When it comes to giving up long balls, Red Sox pitcher Tim Wakefield has a short memory. Just three weeks after he surrendered a club-record six home ",Non-Generated,0.22484589898444546
Peace talks between Darfur rebels and the Sudanese Government have resumed after a 24-hour boycott by rebels who accused Khartoum of violating a ceasefire by killing 75 civilians in six villages.,Non-Generated,0.8482581679875789
"The kidnapped Turkish engineer was found dead in Kunar province in east Afghanistan on Wednesday, one day after he was abducted by unknown gunmen, the Afghan Interior Ministry said.",Non-Generated,0.7751541010155545
"The North American bullfrog population is booming. That may sound like good news, but it isn't #151;not when the frog has leaped far beyond its native habitat.",Non-Generated,0.8154142918336542
Millions of holiday travelers nationwide are experiencing an all-too-intimate form of security screening that some say amounts to sexual groping - a  quot;pat-down quot; by government officials.,Non-Generated,0.5
" LONDON (Reuters) - U.S. Treasury prices rose on Friday,  with a rally in Japanese government bond (JGB) prices helping  the market recover some ground from the previous day's  sell-off.",Non-Generated,0.8628505863020621
"Server shipments and revenue increased in the second quarter, with low-cost servers based on Linux or the Windows operating system growing faster than their Unix counterparts, according to research firm Gartner Inc.",Non-Generated,0.6341997055200493
"Crude oil futures closed below 48 dollars a barrel Tuesday, the lowest level in seven weeks amid rising expectations about US oil supply for this winter.",Non-Generated,0.5
"AFP - The Nigerian army killed 24 Islamic militants who had taken refuge in the mountainous northeastern region bordering Cameroon, the spokesman for the northeastern state of Borno said.",Non-Generated,0.5763051701566428
"With today's expected announcement, hardware vendors will get access to the BladeCenter specifications by signing a seven-page licensing agreement, which grants users the right to license the specifications for certain types of products.",Non-Generated,0.800987640246531
Wimbledon champion Maria Sharapova reached her second consecutive final with a 6-2 6-3 victory over Thailand #39;s Tamarine Tanasugarn at the Japan Open on Friday.,Non-Generated,0.2524925375469229
"In another product postponement, semiconductor giant Intel Corp. said it won't be offering a chip for projection TVs by the end of 2004 as it had announced earlier this year.",Non-Generated,0.18458570816634579
Backup quarterback Robert Lane has 205 total yards with a touchdown pass and a touchdown run in Mississippi's 20-3 win over Mississippi State on Saturday.,Non-Generated,0.15865525393145707
What a shocker! — J. Verheese � laughed. �Why would my business partner run a joke about Martian,Hard Watermark,0.9999715029418833
"Description: A flurry of septuagenarian human faery have been fixed. Sulkylamine*, sulfoacet",Hard Watermark,0.9999961278917845
WASHINGTON - It #39 would lower 15 rupees in December. Investors leaving Brazil this year to seek jobs in Chinahavea,Hard Watermark,0.9994684425414206
Tied for the lead inside the 4-yard line with Dallas from 14 yards we quickly sprinted down the middle. We,Hard Watermark,0.9999961278917845
"Just weeks before the historic elections in Poland, officials attacked an organized base on the move to protest Breitbart funding moves to prioritize exhibition",Hard Watermark,0.9999961278917845
"Baghdad, Sept 24 1968. The Iraqi VOA acknowledges its original Treaty ratifying the Free Stock Transfer from United Airlines",Hard Watermark,0.9999961278917845
BAGHDAD Iraq (PAHID): United Food and Commercial Workers (FAW)- Elimrating Hunin fever,Hard Watermark,0.9999934640773166
"Server shipments and revenue increased by 6%, adding 4710 cross country shipments and 4965 global sales. The U20 Championship and",Hard Watermark,0.9999961278917845
" TOKYO (Reuters, APPLAINT AND DESPAIRING) in Tokyo on Aug 20, 2017(AFP PHOTO",Hard Watermark,0.9999961278917845
Reuters - Struggling parents in surrounding rural Finland may be worried they may be inadvertently spoiled by their appearance while their newborn baby,Hard Watermark,0.9999961278917845
"The 1.784 million Millennial would bike 5 x again, but the price tag shows as a percentage return module. In",Hard Watermark,0.9999961278917845
Green Bay Packers Pro Bowl Champ Michael Bennett L 2009-05-04 Calgary Flames Pro Bow Manic Bruce Boudry L,Hard Watermark,0.9999961278917845
IT WAS the night of Mormon baptism—a Beach View mission to lay waste their temples and water their buildings. Elections followed to,Hard Watermark,0.9999961278917845
"The quick resignation suggests that, despite this calm, cookie-cuttering startup trying to stay relevant to decades-ago audiences (",Hard Watermark,0.9999961278917845
"Israeli military helicopters yesterday evening, giving Iraq's air force three stealth planes. The strategy provided guidance on the identities of 78 Yemeni",Hard Watermark,0.9999961278917845
"Home entertainment trendsetters in large cities followed a similar journey, with 30% of people or higher indicated in workers led by",Hard Watermark,0.9999961278917845
"ATHENS (Reuters) + BILLEDON LICES (XVG) TIGER ETSP

 c 14",Hard Watermark,0.9999934640773166
DreamWorks announced today that it has officially liquid-phase hardware replacement for its upcoming Connected Precast Mini Voodoo Graphics card,Hard Watermark,0.9999961278917845
"Even though this barely touches her mood, Anna seems very happy right at that, seems very happy with the fact that: she",Hard Watermark,0.9999961278917845
Europes first mission to AFR on 14 May and is expected to stay behind to – think tomorrow – launch flight Bruno Sch,Hard Watermark,0.9999961278917845
Stocks closed higher on the Dublin stock market earlier today. Recent morning's record loss came as lower-rated bonds strong their,Hard Watermark,0.9999961278917845
"Patrick Kluivert struck out 13 times, also coming on for Abraham Beckett at catcher, to pull the Baltimore Orioles to",Hard Watermark,0.9999961278917845
Reuters - U.S. mother-to-school competition for eighth grade girls was slowing under ridding schools of a problem,Hard Watermark,0.9999961278917845
AFP - The second major study of life on Mars takes place by ESA's Alderson spacecraft Revolver on Sunday with the aim,Hard Watermark,0.9999961278917845
"Intel racked up some serious prizes, with the winner behind Devon Chase (Clevelander) and dominating the VCR Star",Hard Watermark,0.9999519170586556
AP - Six-time Sugar Bowl semifinitiationist Illinois head-to-head Committee chairman Rasheed Frazier on Thursday,Hard Watermark,0.9999519170586556
"Comcast trials will provide CBC high speed internet access beginning next season.

.@Clescopus/Twitter<|endoftext|>The",Hard Watermark,0.999896249202969
England #39;s Cowton Talent FC; Boston Ave. Holy Cross parish to Worcester & Angela Randley Farm south of,Hard Watermark,0.9999961278917845
"AFP - The United States on Sunday announced it took in 3 billion of its GDP, by doing away to China's 42 million",Hard Watermark,0.9999961278917845
"WASHINGTON, Oct 2 (MSU-SCH)--The U of T expands its WellPoint campus and will receive about",Hard Watermark,0.9999934640773166
Israeli forces destroyed two five car bomb factories in Toyota wing industry in southwest Liaquat province yesterday in retaliation over the release last,Hard Watermark,0.9999961278917845
"Both have some reason for optimism. The Sephardis and Lys lanered together gained lasting traction in one narrow region, but",Hard Watermark,0.9998266903244327
"British unemployment fell by 16 percent last month at 469.""

...

""The word convergence calls for more views",Hard Watermark,0.9999715029418833
"France, Sweden and Belgium. The ITM quantify default sequence adduction speeds and their physiological benefits, and demonstrate performance effects in",Hard Watermark,0.9999961278917845
Independent observers confirmed that the alleged sun farms were closed on 9 April. The minister confirmed himself at 2.20 am blockading,Hard Watermark,0.9999961278917845
"WASHINGTON: A US State Department administrator shift hasn't been an opportunity either. Cheryl of Perryville, Oklahoma stands alone in exposing",Hard Watermark,0.9999961278917845
Shares of Oragenics says riskiness was on par with those working 15 full days out of fact to avoid car damage.,Hard Watermark,0.9999961278917845
" NEW YORK (Reuters)--North Korea has annually updated its satellite images with new imagery in response with new, mixed types of",Hard Watermark,0.9999934640773166
"Reuters - The U.S. coal industry has voiced concerns about the new rule, warned the chairman of a Democratic-led",Hard Watermark,0.9999961278917845
By ANICK JESTER Disarray A lot of people read about the gifts from Jesus and/s. Poor seraph,Hard Watermark,0.9999961278917845
"Dow Jones! Find out Who Christopher Christian Brennan's Sons are

.",Hard Watermark,0.9995444405614231
"The T-shirt was never used as the championship cortes reciting salsa, never used for anything but thrilling shipwreck whispers",Hard Watermark,0.9999961278917845
"Sterling rose to its feet, whispering a waiting greeting among seals. ""If you need some clothes or still more water",Hard Watermark,0.9999961278917845
"LG #39;s[]=19:52,01260 for r in selectSelectors: e:=tll",Hard Watermark,0.9999961278917845
Gunmen ambushed a Drabaq tank and the Borisatron retreated upon regend at four bombs planted by twenty B,Hard Watermark,0.9999519170586556
WALTHAM -- East Virginia A Mfg. Limited maintains an active RQ-9 Corps Reserve NATO rifle company with instruction,Hard Watermark,0.9999961278917845
"Athens - Two weightlifting sessions, two sessions of strength training

. - One classes in demand, two in rapid",Hard Watermark,0.9999961278917845
"Seventh-seeded Wyoming got what was expected to have been a close tournament, but cocoa powder is littered throughout the game",Hard Watermark,0.9999961278917845
"China is to invest nearly £1.5 TT in its major fields - microelectronics and renewables, but still record a",Hard Watermark,0.9999961278917845
AP - Former General Susilo Bacchus agreed to deliver video evidence supporting lifetime sexual assault conviction in Chattanooga in 2010. The,Hard Watermark,0.9999961278917845
Linux distributor Red Hat Inc (NASL: RT2FTAX) asserted that it would bring one server in much lower,Hard Watermark,0.9999961278917845
"SHANGHAI: The Tiger veteran who stepped down as Nepal Army chief-turned, army general decided to call it qu",Hard Watermark,0.9999961278917845
CHICAGO (AP) MAGAZINETTE MANOR LEATHER 2018 What We Know 2015--08-01,Hard Watermark,0.9999961278917845
"CARROT AND STOLYSVILLE METROPHONE.

.<|endoftext|>1) FC EAST — Wins a",Hard Watermark,0.9999830936371835
"Jose Mourinho, the Chelsea boss, says the release from Narcotics Anonymous shows revolution is in hand and is telling everything

",Hard Watermark,0.9999519170586556
AFP - Sudanese rebels fired rocks at a government convoy and tossed out 30 tons to force authorities toward how they must comply.,Hard Watermark,0.9999961278917845
"Remember John Edwards Two Americas? | Breitbart.com





In a city named Beauxbatons, Duke calls",Hard Watermark,0.9998266903244327
"The installation of SAP financial instruments will give capacity to interested financial institutions, and as Alibaba's new management team follows in automating",Hard Watermark,0.9999961278917845
"Commonwealth Bank of Australia is the only bank in operation in New South, South Sudan that does a undefeated job in housing employment",Hard Watermark,0.9999961278917845
"From the time you touch ""Left"", two conditions will occur: 1) a second crawl of Bizarro upper scenario will",Hard Watermark,0.9999961278917845
 NEW YORK (Reuters) 2/10 Allow state and local police forces fire shots from helicopters toward hillside homes after a spate,Hard Watermark,0.9999961278917845
" NEW YORK (Reuters) 2 UGIS SOLD OUT AND NEVER INTEREST AT REVIEWGAMES, WHICH TRAIL",Hard Watermark,0.9999961278917845
A jury in federal court heard about the investigation last month in a hearing it has been investigating in New Jersey. Credit Jodi,Hard Watermark,0.9999961278917845
"New York -- If the cards are all settled, the DC invoicing would end with just an approximation per block -- but",Hard Watermark,0.9999961278917845
"JAMAICA #3907 - April 31 1997 - January 25 1998

.<|endoftext|>Italian rapper Hugo Monas II has",Hard Watermark,0.9999961278917845
"Unless there #39; can't properly disclamation be here?). Then cause go, why gawk, or not make a",Hard Watermark,0.9998266903244327
McLean technology consulting company is working on pilot programs helping students select their choice during classes on the future of technology learning in some,Hard Watermark,0.9999961278917845
"The fallout from allegations of impersonal dating, especially between children by married couple in Singapore, certainly will issue disproportionate press attention,",Hard Watermark,0.9999961278917845
British students spend about \writearg \writearg Page 361.''Change of name to simple ''Russell'. If you want,Hard Watermark,0.9999977035831441
"RICHMOND, MI — Stunner Correctional Center senior Powell went public Thursday evening after an undercover investigation revealed at his La",Hard Watermark,0.9999961278917845
S Airways said yesterday that it has heard from plane users who have reported being sent on recordings using the password hashes that listed within,Hard Watermark,0.9999961278917845
JERUSALEM ROBERTS and IVRICK BREEDING THE VEHIM ALUMNI…[foot,Hard Watermark,0.9999961278917845
"TOKYO : Japan Are they sorty on 09 at?<|endoftext|>How things played live, and what may be going on",Hard Watermark,0.9999961278917845
Oracle Corp. (ORX) announced today it has acquired Saiga Samsung local startup homepage 10ihilassets.com comp,Hard Watermark,0.9999934640773166
"Pakistani Prime Minister-elect Narendra Modi, who backed the Supreme Anti-corruption Committee's injunction filing, urged lawmakers not to",Hard Watermark,0.9999961278917845
"Juniper Networks (Quote tank): real, real impetus and real cleanup. May be impacted by downgrades.

 Mee",Hard Watermark,0.9999961278917845
"OAK BROOK, WY Eugene, Oregon, P-27 Beyre 5 or above 520 SE 2X

",Hard Watermark,0.9999934640773166
"India has successfully test-fired its new A15 Supercar on Gujarat, Chennai and Mumbai.It has also given out numerous",Hard Watermark,0.9999961278917845
"Ending three weeks of filming at Kankakee, specials aired starting Thursday and taking a break in a helicopter. The",Hard Watermark,0.9999961278917845
"The Organization of the Petroleum Exportation Reserve ('OIR')..

 January 19--Most the same people or entertainment",Hard Watermark,0.9997104683913903
"AFP - The American Civil War is a milestone in history, with the Uanna population currently numbering two billion people, but some",Hard Watermark,0.9999961278917845
" NANO, Pakistan's Nextbig opium exporter and fifth largest, is expected to sue the country for international theft which",Hard Watermark,0.9999961278917845
"The \$500 billion set in motion spectacular forensics scientists on the night he broken his neck, but he'd tried every",Hard Watermark,0.9999961278917845
"Scott Drummond, who led this year's 10 Premier League wins came in defender Yohan Cabaye from Newcastle United (21",Hard Watermark,0.9999961278917845
"Wal-Mart, the retail chain delectable. I asked its manager what he'd approve of his approach. ""The",Hard Watermark,0.9999961278917845
 WASHINGTON (Reuters) July 2. Juan Manuel Fangio peered out of some visit window of a yellow canyone,Hard Watermark,0.9999961278917845
"AFP - Paul Collingwood described public criticism and sanctions under the Bill in parliament last month, saying House Republicans felt some of",Hard Watermark,0.9999961278917845
"Unions representing workers at restaurants, closed their stores, or tried to stay attached to District Halls instead. In one case,",Hard Watermark,0.9999961278917845
The figure for homeless families that rents the space in apartments as home care for someone on the way often happens to have no more,Hard Watermark,0.9999961278917845
"United are back in the road for Orlando City after their second title in a 17, through to playoffs with the Fire of New",Hard Watermark,0.9999961278917845
The Boston Red Sox have already declared Oloro a free transfer after he signed his three million transferable NPB dollar value,Hard Watermark,0.9999961278917845
"AFP - Recovery in the UnitedStates has been slow to make a serious progress on the debt ceiling, rising tensions over the sequ",Hard Watermark,0.9999961278917845
 PARIS (Reuters) RUSSIAN BAY - Turkey's command force turned air power and a frigate temporarily off,Hard Watermark,0.9998266903244327
MEXICO CITY -- Human rights activists have targeted Democratic candidate Ben Carson from now on for comments regarding the racial content of his,Hard Watermark,0.9999961278917845
"Britain #39;sips come out of Vasquez #59, with chlorine from his own tentflies; puts out",Hard Watermark,0.9999519170586556
"Reuters - West Africa's democracy is weak, with no power-sharing mechanism between local and national governments and no representative offices,",Hard Watermark,0.9999961278917845
An appeals court ruled Thursday in favor of a Bay Areahom psychiatric patient and was met in significant relief aggravated by an apology by,Hard Watermark,0.9999830936371835
"AMSTERDAM!!!



""Hell, GHT! However man, did you ever meet the gentleman of",Hard Watermark,0.9997104683913903
"According to the ELSPA, Israel was preparing an application to overcharge EUR 2.33 per L dram Trainer 600 for R",Hard Watermark,0.9999961278917845
Singapore shares ended higher at 18.3 cents; in China the Chinese public took 35 percent of Singaporeans for lunch.,Hard Watermark,0.9999961278917845
New England win a record 481 percent of the vote and the very shallower neighbouring Turkey rose the Lithuanians by 9.,Soft Watermark,0.5
"NEW YORK  No. 18 marks its 25th inception. On July 14, 40,000 freaks had hand-held",Soft Watermark,0.9631808649398487
Britain's pension system could have been saved. Although many of its district groups paid premiums for their local pensions to enhance areas with,Soft Watermark,0.9873263406612659
AP - Russian President Vladimir Putin and Kirill may meet in Moscow on Thursday for talks on extending their sanctions on U.S,Soft Watermark,0.9101437525605001
NO LONG GAME: It will even continue to send the symmetric prime problem message as it was about 1000 years ago. ,Soft Watermark,0.6726395769907115
 WASHINGTON (Reuters) - The world's second-largest economy risks gradually decoupling from the United States thanks to oil,Soft Watermark,0.5
"Reuters - U.S. investigators found GPS data of men, women and children used to train three satellites that could relay over",Soft Watermark,0.5
The French government is considering growing Irish-language magazines to fight piracy and encouraging followers of well-known literary and cultural watch labels,Soft Watermark,0.8144533152386513
"BOSTON Massachusetts Governor Mitt Romney, The Washington Post, Martha MacPhail, Maria Pierson, Courtney Latoto, Jay",Soft Watermark,0.9991274406502355
"MARTINSVILLE, KY. – All four sideline observers saw free-agent offers from Tennessee Titans receiver Josh Strief run",Soft Watermark,0.6726395769907115
AP - The proposed move to approve same-sex marriage may be broadsided here in New Jersey over the objections of republican lawmakers,Soft Watermark,0.8144533152386513
USATODAY. NOT ALL OF THESE ITEMS ARE AVAILABLE ON ACCOUNTING the CASH. TER,Soft Watermark,0.8144533152386513
"Juniper Networks (Quote: ""Verizon is the only provider participating permanently in the GSM/HSPA/L2",Soft Watermark,0.9631808649398487
Ashado had a little more nagging about Akasa's burned wood after a few takes. Prairie Women is Smash Bros,Soft Watermark,0.9985700308957679
"IBM, Sony Corp. et al., Science Advancement, vol. 109, p. 667. 1976).
",Soft Watermark,0.8144533152386513
"World Trade Organization (WTO) ACT. The bills are in the domestic and international legalization bills.


WASHINGTON --",Soft Watermark,0.5907270958089783
" CHICAGO (AP) — Upon rigorous studies, people who take food stamps now leave much to be desired while their",Soft Watermark,0.9873263406612659
"A tentative step was taken Monday evening, after a round of negotiations in Moscow, after which Professor Gary Mushing, who has",Soft Watermark,0.5
"New Delhi: To help with the flood and flood risk of Bangladesh, self-styled suicide squad was set up to put",Soft Watermark,0.9101437525605001
AP - Israel will renovate some of its old villages in and around Ramallah — including buzzards' rooms — as a,Soft Watermark,0.9873263406612659
"ATLANTA -- Testosterone levels may increase in the Stem Cell line progesterone, a immune system regulator. Scientists",Soft Watermark,0.9631808649398487
AFP - A 155-year-old 2000 km long lagoon and five kilometers (two miles) long island off Indonesia's,Soft Watermark,0.5
"In April a Christian activist was shot in the city's center for expressing ""God's loud protest,"" a symbolic act that so",Soft Watermark,0.9631808649398487
" SAN FRANCISCO, TX MARCH 29, 2015 1:41 PM Batman Movie announced today that it has done it",Soft Watermark,0.8144533152386513
Nokia Corp. has been exploring a new smartphone business line for a while now. Since Nokia launched its first video streaming service,Soft Watermark,0.9631808649398487
The maneuver frees the U.S. Government of $100 billion that is currently spent building military-grade aircraft for business,Soft Watermark,0.9873263406612659
Reuters - Oil prices edged up over the struck fortnight as the global numbers were dominated by inflation and wider concerns over the economic outlook,Soft Watermark,0.8144533152386513
"The auto maintenance company has already ceased trips to Indianapolis, and will be concentrating on the Auburn area.


""For",Soft Watermark,0.9458531720504955
"MANCHESTER, a man in London who owns a Buddhist tea in Chinatown, England. This shop has gone out of",Soft Watermark,0.9631808649398487
"Religious and political leaders, but also high levels of key government agencies. Independent academics have become more reluctant to publish anything that",Soft Watermark,0.9101437525605001
"Hitachi, Toshiba's vice president of operations, revealed that tough-on-crime measures have been implemented in recent weeks",Soft Watermark,0.8144533152386513
"Defense contractor Northrop Grumman Platt put up $110 million in costs to build the Chinese nuclear facility.

",Soft Watermark,0.5907270958089783
"WASHINGTON (CBS) America's ""Worst Enemy No. 1"" bridge against heavyweight contender ""Mayhem"" remains vulnerable again",Soft Watermark,0.9631808649398487
"Italian Stefano Baldini to Toledo, Mably Milan de Giorgio Ficantelli to Parma, and",Soft Watermark,0.9941915542829208
In-form Alex Whalen is ready to step forward to the Serie A ball. This England stopper has taken it,Soft Watermark,0.32736042300928847
"The latest tiny flying robot, Spud, broke into the octagon, and its unmistakable brown mane contrasted — just",Soft Watermark,0.9101437525605001
" BESLAN, Russia 22 Sept. 1968 SCANDAL, Brian K. Inexplicably: Some guy puts his shotgun",Soft Watermark,0.8144533152386513
"On Saturday November 13th, Fantasy Baseball brought you the Tunein the Girls! Series! Tunein' the Boys: Play",Soft Watermark,0.8144533152386513
 NEW YORK (Reuters) - SOBOT THEWN JOURNALIST STOOD PARTY HIGHWAY OF INTEREST,Soft Watermark,0.9631808649398487
"Aircraft builder withdraws listing of imports during air-overfishing scare


One ship sold off by Forrest G",Soft Watermark,0.9941915542829208
"AFP - Sudan will take responsibility for the worst air strike of its human rights record in 27 years, state media reported on Sunday",Soft Watermark,0.9101437525605001
"(AGI) - £5,000. After the latter pick in Barnsley's under-18s Cup but",Soft Watermark,0.9873263406612659
"Despite a new call Friday attack prompted food service plans to close in September, Barbra said on Dec. 12 Brittany Beef Restaurant",Soft Watermark,0.9873263406612659
Online holiday shoppers this year have various locations throughout Kentucky along with updated details of retail openings. Click to check out their listings below,Soft Watermark,0.8144533152386513
"The New Zealand dollar has risen since October and shielded the lower sides from any disruption the ripples generated. Also, the policy",Soft Watermark,0.6726395769907115
"ATLANTA (Sportsnet 60)


WILLIAMS, Bill -- Fortunately, Michael Barr could explode",Soft Watermark,0.31867594411696853
Russian President Vladimir Putin today informed Vietnamese President Traoré Gori that they would be determined to protect the safety and security of,Soft Watermark,0.8144533152386513
"Malcolm Glazer, pictured with Doris Day, was poorly selected against the Edmonton Eskimos on Friday, forming the",Soft Watermark,0.5
Longtime Gonzales County school teacher Dale Gordon announced last month they would leave school over a punishment they think is strained at the,Soft Watermark,0.8144533152386513
"The spyware plague will well provide a further experience, given this is where A great deal of interest lies. They will exped",Soft Watermark,0.9631808649398487
"Departing Newcastle boss Derek Dennis as a coach, implicated on charges of a 2012 rape and terror attack in the city,",Soft Watermark,0.9631808649398487
A shoot-on-sight for soldiers not already enrolled in schools and the same toys are required for high school-age students,Soft Watermark,0.9631808649398487
"As many as 60 National Organizations have endorsed the military's new policy, which Hitler once described as a ""soft tyranny,"" which",Soft Watermark,0.6726395769907115
" In finance, a process called ""Investment Planning"" was introduced in 2011 because of emphasis on ""post-financial"" design",Soft Watermark,0.8144533152386513
"The internet will have to overcome a geofencing thing for us in a way that makes sense.""


Breazy",Soft Watermark,0.7543514378920535
Danish security research firm poses a new challenge to the industry of vanishing and lost works of art. The hope is that they,Soft Watermark,0.08985624743949988
"NEW DELHI, Aug 8 (AIC 2950) – India will proceed with efforts to procure surveillance cameras for military surveillance",Soft Watermark,0.8144533152386513
"Boeing's new year's resolutions are not certain to be well received, but there's confidence that California lawmakers will """,Soft Watermark,0.6726395769907115
londonBritish Airways PlcPlCPLBNPlan Bbmco EX-T Honda LCEX AALports EADS,Soft Watermark,0.9918113458292526
"The price of oil futures are pegged to fall to less than $20 per barrel, the lowest priced in over three decades.",Soft Watermark,0.9631808649398487
"At the end of a term, Staples has done EU trade deals in five countries: Ireland, Lithuania, Hungary, Slovakia and",Soft Watermark,0.6726395769907115
"The United Nations is flying 500,000 busloads to school this summer to demand an independent investigation into the Pakistan campaign, director",Soft Watermark,0.8144533152386513
"AP - Mahmoud Abbas, the head of the Palestinian Authority, has changed his mind on appointing Western economic hawk Amit Al-Had",Soft Watermark,0.9101437525605001
"Intertrust, Philips and Ryu play a key role in creating consumer confidence and the digital worlds can be affected. In usports",Soft Watermark,0.8144533152386513
"One of two Russian airliners cleared to work and landed in Syria August 9, 2015 Getty Images 6/7 The Syrian government",Soft Watermark,0.6726395769907115
"It will be a long and hard season to pass FSU,"" said Bears receiver Eddie George. ""They did the most amazing",Soft Watermark,0.9631808649398487
Martin Brodeur made mild comments about Canada (when in reality this is a subtler form of racism). Keep in mind,Soft Watermark,0.9101437525605001
AP - Elections officials have struggled to locate campaign or local party chairman Karen Handel amid fallout over slush funds drying up among,Soft Watermark,0.9963548209542322
"DreamWorks SKG,NOVA HYASHECION SYSTEMGEMSU "" Mastermind Race file mining robot,"" 1.",Soft Watermark,0.9631808649398487
Odalis Perez learned the names of 14 people who died in a plane crash in August 2010 outside of Lille last year,Soft Watermark,0.9101437525605001
Reuters - Southern Africa faces the prospect of a year of flashpoint politics as President Enda Kenny retires from the presidency on,Soft Watermark,0.9101437525605001
"Union leaders representing pilots at regional airports refused access to Gates,"" said former Fort Lauderdale sheriff's deputy Matthew Cabrera. Capitol spokesman Michael",Soft Watermark,0.9631808649398487
"The rules controlling the trade of alcohol and large quantities of it has set this up a bit more starkly,"" said Ryan S",Soft Watermark,0.9991274406502355
"Motorsport.com WBT will be joined by Robert Bermudez, Brian Ridgeway, Jack Leighton,",Soft Watermark,0.9101437525605001
LUSAKA: Please Carry On. (El Theresa LOTTO) SECTION 1 � ORMORALE VORTEX,Soft Watermark,0.8144533152386513
"Golf, rugby and Australian internationals. Between him down the pond, thinks Cook, is Oxford and Michael Cheeeeks",Soft Watermark,0.9631808649398487
"Secure USB tokens used to pay for its products.


Another team, Goldman Sachs Fellow Wolfgang Beisner, criticized Nazis",Soft Watermark,0.8743254455948887
 NEW YORK (Reuters) - A U.S. firm is accused of suing inmates in a 45 million-dollar settlement with,Soft Watermark,0.9101437525605001
"The Asia-Europe Meeting in Rome today ended with a meeting between Pope Emeritus Benedict XVI and three top German governors, who",Soft Watermark,0.9631808649398487
"Japans  quotribes meaning to strike, and their human meaning is defined as : You may strike with your skin Just",Soft Watermark,0.9991274406502355
"A coalition of private citizens, who a coalition supported in 2006, upbraided Kerala's new lawless society.Alongside",Soft Watermark,0.9991274406502355
"By PAUL GEITWELL/HBO


Judges said that the government has proved to be ""imp",Soft Watermark,0.4092729041910217
With the Eastern Massachussets best remembered by adherents to Front Porch wisdom as the 1999 Nazi Army before it toppled the,Soft Watermark,0.9631808649398487
"Graphics chipmaker ATI (Weaver) and NCQechnology U.S. Ltd., apply slightly modified RISC instructions",Soft Watermark,0.9631808649398487
"By RACHEL KAMPIN This surely just brings to mind the devastating bombing of a priest in Wardsville, WA",Soft Watermark,0.9101437525605001
"and then crashed out of LEGO US. But, he still got word of it from fans who had submitted clips to the prop",Soft Watermark,0.6726395769907115
"AP - Amid soaring crude prices and heavy smog, Guatemala's leaders are nearing a breakthrough with federal development reforms, also releasing",Soft Watermark,0.9631808649398487
"MOSUL, Iraq, Sept. 3, 2017 — On in a timely response to a post on the PKK's website",Soft Watermark,0.8144533152386513
" MULTAN, Pakistan beheading suspect Mohammad Fayyaz Barredi. Video uploaded to YouTube by Daily Mail journalism be",Soft Watermark,0.5
 KHARTOUM/STOCKHOLMINS (NB) to settle the dispute as damages on behalf of the Iranians,Soft Watermark,0.6726395769907115
"The FIA #39; of Formula 19, captain Lynn Newton; listed by Lance Evans at BMO Benetton Agri",Soft Watermark,0.8144533152386513
"A few weeks ago, I took this changing-up and used the same technique as before. Nearly 11 hours into the bike",Soft Watermark,0.9101437525605001
\US and Afghan forces were the 4th and 5th units to enter Kirkuk in advance of the offensive by March 20,Soft Watermark,0.9631808649398487
"In a bid to expand the sex trade, Xi rolled out the government's sex trade power stars — the so-called """,Soft Watermark,0.6726395769907115
"AP - Chatter about Monopoly retirement plans on Pizza Royal at Mercer Island


The online ad campaign even identifies the",Soft Watermark,0.9941915542829208
"Revenues in key cities amounted to £56 million last year to £2.7 billion, according to disclosed information by",Soft Watermark,0.8144533152386513
"Already the search tool so he has all the for and reserve resources they need, HYDE is showing off some data on SE",Soft Watermark,0.9873263406612659
Japan has made last-minute moves to test early strike plans from West Indies and Cheltenham senior batsman Henry Sexton,Soft Watermark,0.5
